Sylvie,4,0,Adult,Domestic Short Hair,Tabby (Brown / Chocolate),Medium,Female,,,Yes,"Vaccinations up to date, spayed / neutered.",,,Children.,Short,263,City Critters Inc.,14,No
Carrot,6,0,Kitten,Domestic Short Hair,Orange / Red,Small,Male,,,Yes,"Vaccinations up to date, spayed / neutered.","Other cats, children.",,,Short,109,City Critters Inc.,14,No
Belle/Ollie,5,1,Kitten,Domestic Short Hair,Gray & White,Small,Female,,,Yes,"Vaccinations up to date, spayed / neutered.",,,,Short,62,City Critters Inc.,14,No
Mickey,4,0,Adult,Bombay & Domestic Short Hair Mix,Black,Medium,Male,"Friendly, Affectionate, Gentle, Playful, Curious, Quiet, Dignified",,Yes,Spayed / neutered.,"Other cats, dogs, children.",,,Short,126,Ready For Rescue,14,No
Lah Lah,5,1,Senior,Domestic Short Hair,Black,Medium,Male,"Friendly, Playful, Curious, Brave, Smart, Funny, Affectionate",,Yes,"Vaccinations up to date, spayed / neutered.",Other cats.,,,Short,171,Ready For Rescue,14,No
Leela,5,1,Senior,Tabby,Tabby (Orange / Red),Medium,Male,"Friendly, Affectionate, Gentle, Smart, Funny, Curious, Playful",,Yes,"Vaccinations up to date, spayed / neutered.",Children.,,,129,Ready For Rescue,14,No
Jackie,6,0,Young,Domestic Short Hair,,Medium,Female,"Affectionate, Friendly, Gentle, Smart, Playful, Quiet",,Yes,"Vaccinations up to date, spayed / neutered.","Other cats, dogs, children.",$300.00,,Medium,165,"Good World Animal Rescue and Protection,…",14,No
Dusty and Oliver,6,0,Kitten,Domestic Short Hair,,Small,Female,,,Yes,,,$300.00,,295,Waggytail Rescue,14,No
Toothless,3,0,Kitten,Domestic Short Hair,Black,Small,Male,,,Yes,"Vaccinations up to date, spayed / neutered.","Other cats, dogs, children.",$175.00,,242,Waggytail Rescue,14,No
Mister,2,0,Adult,Domestic Short Hair,Black & White / Tuxedo,Large,Male,,,Yes,"Vaccinations up to date, spayed / neutered.","Other cats, children.",,,449,Brooklyn Bridge Animal Welfare Coalition,14,No
Gold Fleck,3,0,Young,Domestic Short Hair,,Medium,Female,,,Yes,Spayed / neutered.,Other cats.,,,150,Brooklyn Bridge Animal Welfare Coalition,14,No
Magic,3,0,Young,Domestic Short Hair,,Medium,Male,,,Yes,Spayed / neutered.,"Other cats, dogs, children.",,,73,Brooklyn Bridge Animal Welfare Coalition,14,No
Dr. Dillamond,3,0,Young,Domestic Short Hair,Gray & White,Medium,Male,,,Yes,Spayed / neutered.,"Other cats, dogs, children.",,,68,Brooklyn Bridge Animal Welfare Coalition,14,No
Joanie & Luna,3,0,Kitten,Domestic Short Hair,,Medium,Female,,,Yes,Spayed / neutered.,"Other cats, children.",,,255,Brooklyn Bridge Animal Welfare Coalition,14,No
Frankie & Jimmy,3,0,Kitten,Domestic Short Hair,,Medium,Male,,,Yes,Spayed / neutered.,"Other cats, children.",,,179,Brooklyn Bridge Animal Welfare Coalition,14,No
Tigger,2,0,Senior,Domestic Short Hair & Maine Coon Mix,,Medium,Male,,,Yes,"Spayed / neutered, declawed.",Other cats.,,Dogs.,59,Brooklyn Bridge Animal Welfare Coalition,14,No
Sterling,2,0,Adult,Domestic Short Hair,,Medium,Male,,,Yes,"Vaccinations up to date, spayed / neutered.",,,,102,KittyKind,14,No
Scarlett,3,0,Young,Domestic Medium Hair,,Medium,Female,,,Yes,"Vaccinations up to date, spayed / neutered.",,,,107,KittyKind,14,No
Queenie,5,0,Adult,Domestic Long Hair & Calico Mix,Calico,Medium,Female,"Friendly, Couch potato, Gentle, Quiet",,Yes,"Vaccinations up to date, spayed / neutered.",Other cats.,$150.00,Children.,Long,132,Jersey Tails,14,No
Inky,3,0,Kitten,Domestic Short Hair Mix,Black,Small,Male,,,Yes,"Vaccinations up to date, spayed / neutered.",Other cats.,,,55,PupStarz Rescue,14,No
Quincy,2,0,Kitten,Domestic Short Hair Mix,Gray & White,Small,Male,,,Yes,"Vaccinations up to date, spayed / neutered.",Other cats.,,,194,PupStarz Rescue,14,No
Vern and Billy Bob,4,0,Kitten,Domestic Short Hair & Domestic Long Hair Mix,Tabby (Gray / Blue / Silver),Small,Male,"Friendly, Affectionate, Playful, Curious, Funny",,Yes,"Vaccinations up to date, spayed / neutered.","Other cats, children.",,,Medium,161,Animal Lighthouse Rescue,14,No
Miss Misstoffelees,6,0,Young,Domestic Short Hair,Black,Medium,Female,", Affectionate, Gentle, Playful, Friendly, Curious, Funny, Loves kisses",,Yes,"Vaccinations up to date, spayed / neutered.",Other cats.,$150.00,"Dogs, children.",Short,364,AdvoCat Rescue,14,No
Fries & Mash - Bonded Brothers,6,0,Kitten,Domestic Short Hair,Black & White / Tuxedo,Small,Male,"Friendly, Affectionate, Playful, Gentle, Curious, Independent, Funny, Loves kisses",,Yes,"Vaccinations up to date, spayed / neutered.",Other cats.,$125.00,Children.,Short,229,AdvoCat Rescue,14,No
Mash & Fries - Bonded Brothers,6,0,Kitten,Domestic Short Hair,Black & White / Tuxedo,Small,Male,"Playful, Gentle, Curious, Independent, Funny, Loves kisses",,Yes,"Vaccinations up to date, spayed / neutered.",Other cats.,$125.00,Children.,Short,229,AdvoCat Rescue,14,No
The Jimmy,6,0,Kitten,Domestic Short Hair,Gray & White,Medium,Male,,,Yes,"Vaccinations up to date, spayed / neutered.",Other cats.,$200.00,,Short,264,AdvoCat Rescue,14,No
Hermione - Hogwarts Kittens,6,0,Kitten,Domestic Short Hair,Calico,Medium,Female,,,Yes,Vaccinations up to date.,Other cats.,$200.00,,Short,244,AdvoCat Rescue,14,No
Ron - Hogwarts Kittens,6,0,Kitten,Domestic Short Hair,Tabby (Buff / Tan / Fawn),Medium,Male,,,Yes,Vaccinations up to date.,Other cats.,$200.00,,Short,244,AdvoCat Rescue,14,No
Harry - Hogwarts Kittens,6,0,Kitten,Domestic Short Hair,Buff / Tan / Fawn,Medium,Male,,,Yes,Vaccinations up to date.,Other cats.,$200.00,,Short,244,AdvoCat Rescue,14,No
Ivory Iris,0,0,Kitten,Domestic Short Hair,Tabby (Gray / Blue / Silver),Small,Female,,,Yes,"Vaccinations up to date, spayed / neutered.",,,,Short,49,Liberty Humane Society,14,No
Ida Iris,0,0,Kitten,Domestic Short Hair,Tabby (Gray / Blue / Silver),Small,Female,,,Yes,"Vaccinations up to date, spayed / neutered.",,,,Short,49,Liberty Humane Society,14,No
Ivan Iris,0,0,Kitten,Domestic Short Hair,Tabby (Gray / Blue / Silver),Small,Male,,,Yes,"Vaccinations up to date, spayed / neutered.",,,,Short,49,Liberty Humane Society,14,No
Picasso Petunia,0,0,Kitten,Domestic Short Hair,Tabby (Orange / Red),Small,Female,,,Yes,"Vaccinations up to date, spayed / neutered.",,,,Short,49,Liberty Humane Society,14,No
Pepsi Petunia,0,0,Kitten,Domestic Short Hair,Tabby (Gray / Blue / Silver),Small,Male,,,Yes,"Vaccinations up to date, spayed / neutered.",,,,Short,49,Liberty Humane Society,14,No
Jackson Eo,3,1,Adult,Domestic Short Hair Mix,Tabby (Gray / Blue / Silver),Medium,Male,"Friendly, Affectionate, Loyal, Smart, Independent, Curious, Loves kisses, Gentle",,Yes,"Vaccinations up to date, spayed / neutered.",,,,Short,49,Liberty Humane Society,14,No
Kandice Kalmia Eo,0,0,Kitten,Domestic Short Hair Mix,White,Small,Female,"Friendly, Affectionate",,Yes,"Vaccinations up to date, spayed / neutered.",,,,Short,87,Liberty Humane Society,14,No
Nora Nolana,0,0,Kitten,Domestic Short Hair,Tortoiseshell,Small,Female,"Friendly, Affectionate, Curious, Loves kisses",,Yes,Vaccinations up to date.,,,,Short,49,Liberty Humane Society,14,No
Mizuna,0,0,Adult,Domestic Short Hair Mix,Torbie,Medium,Female,"Friendly, Affectionate",,Yes,"Vaccinations up to date, spayed / neutered.",,,,Short,83,Liberty Humane Society,14,No
Coral,3,1,Young,Domestic Short Hair Mix,White,Medium,Male,"Friendly, Affectionate, Playful, Curious, Loves kisses",,Yes,"Vaccinations up to date, spayed / neutered.",,,,Short,90,Liberty Humane Society,14,No
Jitterbug Jasmine,0,0,Kitten,Domestic Short Hair Mix,Black,Small,Male,"Affectionate, Friendly",,Yes,"Vaccinations up to date, spayed / neutered.",,,,Short,83,Liberty Humane Society,14,No
Cress,1,1,Kitten,Domestic Short Hair Mix,Black,Small,Male,,,Yes,"Vaccinations up to date, spayed / neutered.",,,,Short,97,Liberty Humane Society,14,No
Moon,2,1,Adult,Domestic Short Hair Mix,Black & White / Tuxedo,Medium,Male,"Affectionate, Loyal, Gentle, Curious, Quiet, Couch potato, Loves kisses, Dignified",,Yes,"Vaccinations up to date, spayed / neutered.",,,,Short,124,Liberty Humane Society,14,No
Nala,4,1,Adult,Domestic Short Hair,Tabby (Brown / Chocolate),Medium,Female,,,Yes,"Vaccinations up to date, spayed / neutered.",,,,Short,48,Liberty Humane Society,14,No
Mars C,2,1,Young,Domestic Short Hair,Black & White / Tuxedo,Medium,Female,"Friendly, Affectionate, Independent, Quiet, Dignified, Couch potato",,Yes,"Vaccinations up to date, spayed / neutered.",,,,Short,117,Liberty Humane Society,14,No
Oreo C,1,1,Adult,Domestic Short Hair,Black & White / Tuxedo,Medium,Female,"Friendly, Affectionate, Curious, Dignified",,Yes,"Vaccinations up to date, spayed / neutered.",,,,Medium,111,Liberty Humane Society,14,No
Octavia,3,1,Kitten,American Shorthair Mix,Calico,Medium,Female,"Friendly, Playful, Gentle, Curious",,Yes,Vaccinations up to date.,,,,Short,162,Whiskers-aGoGo Inc,14,No
Sheikh,4,0,Young,Bengal Mix,Tabby (Leopard / Spotted),Large,Male,"Friendly, Affectionate, Playful, Athletic",,Yes,"Vaccinations up to date, spayed / neutered.",Other cats.,,,Short,198,Whiskers-aGoGo Inc,14,No
Birdie,2,1,Kitten,Bombay Mix,Black,Medium,Female,"Friendly, Affectionate, Gentle, Playful, Curious, Funny, Loves kisses",,Yes,"Vaccinations up to date, spayed / neutered.","Other cats, children.",,,Short,165,Whiskers-aGoGo Inc,14,No
Farrah,3,0,Kitten,American Shorthair,White,Medium,Female,"Friendly, Affectionate, Playful, Smart, Curious, Funny",,Yes,"Vaccinations up to date, spayed / neutered.","Other cats, children.",,,Short,107,Whiskers-aGoGo Inc,14,No
Ferris,4,0,Kitten,American Shorthair Mix,White,Medium,Male,"Friendly, Affectionate, Gentle, Playful, Curious, Funny",,Yes,"Vaccinations up to date, spayed / neutered.","Other cats, children.",,,Short,107,Whiskers-aGoGo Inc,14,No
Glamrock Chica,4,0,Adult,American Shorthair Mix,Gray & White,Medium,Female,"Friendly, Smart, Loyal, Quiet",,Yes,"Vaccinations up to date, spayed / neutered.","Other cats, children.",,,Short,243,Whiskers-aGoGo Inc,14,No
Roz,2,0,Adult,American Shorthair Mix,Black & White / Tuxedo,Medium,Female,"Friendly, Playful, Funny",,Yes,"Vaccinations up to date, spayed / neutered.","Other cats, dogs, children.",,,Short,69,Whiskers-aGoGo Inc,14,No
"Favorite Babies-Wonton, Lichee, Sprout & Dumpling",3,0,Kitten,Domestic Short Hair,White,Small,Male,,,Yes,,Other cats.,,,313,Brooklyn Animal Action,14,No
Find the Lost Boys! Adorable Kittens!,3,0,Kitten,Domestic Short Hair,Gray / Blue / Silver,Medium,Male,,,Yes,Vaccinations up to date.,"Other cats, dogs, children.",,,313,Brooklyn Animal Action,14,No
Once Upon a Time Kittens! Wolfe and Haru,3,0,Kitten,Domestic Short Hair,Gray & White,Medium,Male,,,Yes,Vaccinations up to date.,"Other cats, dogs, children.",,,234,Brooklyn Animal Action,14,No
Jack & Ace: A Royal Duo!,3,0,Kitten,Domestic Short Hair Mix,Orange & White,Medium,Male,,,Yes,,"Other cats, dogs, children.",,,155,Brooklyn Animal Action,14,No
Royal and Oakley: Stunning sibling kittens,3,0,Kitten,Russian Blue & Domestic Short Hair Mix,Gray / Blue / Silver,Medium,Female,,,Yes,Vaccinations up to date.,"Other cats, dogs, children.",,,183,Brooklyn Animal Action,14,No
Basil and Sage: Spice Kittens!,3,0,Kitten,Domestic Short Hair,,Medium,Female,,,Yes,Vaccinations up to date.,"Other cats, dogs, children.",,,193,Brooklyn Animal Action,14,No
Thyme and Chive: Spice Kittens!,3,0,Kitten,Domestic Short Hair,,Medium,Male,,,Yes,Vaccinations up to date.,"Other cats, children.",,,187,Brooklyn Animal Action,14,No
Rosemary and Parsley: Spice Kittens!,3,0,Kitten,Domestic Short Hair,,Medium,Female,,,Yes,Vaccinations up to date.,"Other cats, children.",,,183,Brooklyn Animal Action,14,No
Clarissa Dilute Calico Sweet Beauty!,3,0,Young,Calico,,Medium,Female,,,Yes,"Vaccinations up to date, spayed / neutered.","Other cats, children.",,,197,Brooklyn Animal Action,14,No
Golden-Eyed Zahara Loving Young Calico,3,0,Young,Calico,,Medium,Female,,,Yes,"Vaccinations up to date, spayed / neutered.","Other cats, children.",,,170,Brooklyn Animal Action,14,No
O-Mazing Olaf! Super Sweet Young Orange!,3,0,Young,Domestic Short Hair,Orange & White,Medium,Male,,,Yes,"Vaccinations up to date, spayed / neutered.","Other cats, children.",,,194,Brooklyn Animal Action,14,No
Jumping Pixel!,3,0,Young,Domestic Short Hair & Tabby Mix,,Medium,Male,,,Yes,Spayed / neutered.,Other cats.,,,234,Brooklyn Animal Action,14,No
Ben & Jerry: Kittens As sweet as Ice Cream,3,0,Kitten,Domestic Short Hair,Black & White / Tuxedo,Medium,Male,,,Yes,"Vaccinations up to date, spayed / neutered.","Other cats, dogs, children.",,,265,Brooklyn Animal Action,14,No
Maeby & Tobias,3,0,Kitten,Domestic Short Hair,,Medium,Male,,,Yes,Vaccinations up to date.,"Other cats, dogs, children.",,,215,Brooklyn Animal Action,14,No
Simba,6,0,Adult,Domestic Long Hair,Tabby (Brown / Chocolate),Large,Male,"Friendly, Affectionate, Loyal, Gentle, Smart, Funny, Couch potato, Loves kisses",,Yes,"Vaccinations up to date, spayed / neutered.",Other cats.,,,Long,291,JerseyCats,14,No
Ziggy,5,0,Adult,Domestic Short Hair,Tabby (Brown / Chocolate),Medium,Male,"Friendly, Affectionate, Playful, Athletic",,Yes,"Vaccinations up to date, spayed / neutered.",,$150.00,,Short,200,Hudson County Animal League (HCAL),14,No
Floricito,5,0,Senior,Tabby Mix,Tabby (Orange / Red),Medium,Male,"Friendly, Affectionate, Smart, Curious, Funny",,Yes,"Vaccinations up to date, spayed / neutered, special needs.",,,,Short,120,Joyrides Rescue,14,No
Vladimir,5,0,Senior,Domestic Long Hair Mix,Orange & White,Medium,Male,"Friendly, Affectionate, Gentle, Dignified",,Yes,"Vaccinations up to date, spayed / neutered.",,,,Medium,133,Joyrides Rescue,14,No
Cecelia Jane (CJ),2,1,Kitten,Domestic Short Hair,Tabby (Buff / Tan / Fawn),Medium,Female,"Friendly, Affectionate, Loyal, Gentle, Playful, Smart, Protective, Brave, Curious, Funny, Quiet, Dignified, Couch potato, Loves kisses",,Yes,"Vaccinations up to date, spayed / neutered.",Other cats.,,,,Eccentric Kittens,14,No
Gordita and Chalupa,5,0,Kitten,Domestic Short Hair,Black,Medium,Female,"Friendly, Affectionate, Loyal, Gentle, Playful, Smart, Protective, Brave, Curious, Athletic, Funny, Independent, Quiet, Loves kisses, Dignified, Couch potato",,Yes,"Vaccinations up to date, spayed / neutered.",Other cats.,,,,Eccentric Kittens,14,No
Willow,0,0,Young,Domestic Short Hair,Black,Medium,Female,"Friendly, Affectionate, Loyal, Brave, Protective, Smart, Independent, Curious, Playful, Dignified, Quiet, Loves kisses, Couch potato, Funny, Athletic, Gentle",,Yes,"Vaccinations up to date, spayed / neutered.",Other cats.,,,,Eccentric Kittens,14,No
Lulu,0,0,Kitten,Domestic Short Hair,Black,Medium,Female,"Affectionate, Loyal, Gentle, Brave, Protective, Smart, Curious, Playful, Independent, Funny, Athletic, Dignified, Quiet, Friendly, Loves kisses",,Yes,"Vaccinations up to date, spayed / neutered.",Other cats.,,,Short,,Eccentric Kittens,14,No
Mr. Man,0,0,Kitten,Domestic Short Hair,Black & White / Tuxedo,Medium,Male,"Friendly, Affectionate, Loyal, Gentle, Brave, Protective, Smart, Curious, Funny, Athletic, Couch potato, Dignified, Quiet, Loves kisses",,Yes,"Vaccinations up to date, spayed / neutered.",Other cats.,,,25,Eccentric Kittens,14,No
Maskitty,0,0,Kitten,Dilute Tortoiseshell & Domestic Short Hair Mix,Dilute Tortoiseshell,Small,Female,"Affectionate, Gentle, Brave, Protective, Smart, Loyal, Friendly, Playful, Curious, Funny, Athletic, Couch potato, Dignified, Quiet, Loves kisses",,Yes,"Vaccinations up to date, spayed / neutered.","Other cats, dogs, children.",,,,Eccentric Kittens,14,No
Happy,0,0,Kitten,Domestic Short Hair,Black & White / Tuxedo,Small,Female,"Friendly, Affectionate, Loyal, Gentle, Brave, Protective, Smart, Playful, Curious, Independent, Funny, Athletic, Couch potato, Dignified, Quiet, Loves kisses",,Yes,"Vaccinations up to date, spayed / neutered.","Other cats, dogs, children.",,,Short,,Eccentric Kittens,14,No
Aries,0,0,Kitten,Domestic Short Hair,Orange / Red,Medium,Male,"Friendly, Affectionate, Loyal, Gentle, Brave, Protective, Smart, Playful, Curious, Independent, Funny, Athletic, Dignified, Quiet, Loves kisses",,Yes,"Vaccinations up to date, spayed / neutered.","Other cats, dogs, children.",,,Short,,Eccentric Kittens,14,No
Yoshi,3,0,Adult,Domestic Short Hair,Tabby (Gray / Blue / Silver),Large,Male,"Friendly, Smart, Playful",,Yes,"Vaccinations up to date, spayed / neutered.",,,"Other cats, dogs, children.",Short,244,Anjellicle Cats Rescue,14,No
Mabel,3,0,Young,Domestic Short Hair Mix,Gray & White,Medium,Female,,,Yes,Vaccinations up to date.,,,,Short,61,Anjellicle Cats Rescue,14,No
Anya,3,0,Young,Domestic Short Hair Mix,Gray & White,Medium,Female,,,Yes,"Vaccinations up to date, spayed / neutered.",,,,Short,50,Anjellicle Cats Rescue,14,No
CHARLIE,3,0,Kitten,Tabby & Domestic Short Hair Mix,Orange & White,Small,Male,"Loyal, Friendly, Affectionate, Gentle, Loves kisses, Couch potato",,Yes,"Vaccinations up to date, spayed / neutered.",Other cats.,$200.00,Children.,Short,140,Paul the Cat Guy Inc,14,No
JULIUS,0,0,Kitten,Domestic Short Hair,Gray & White,Small,Male,"Friendly, Affectionate, Loyal, Playful, Funny, Loves kisses",,Yes,"Vaccinations up to date, spayed / neutered.",Other cats.,$200.00,Dogs.,Short,140,Paul the Cat Guy Inc,14,No
Avery,5,0,Kitten,Domestic Long Hair,Black,Small,Female,"Friendly, Affectionate, Smart, Funny, Playful",,Yes,"Vaccinations up to date, spayed / neutered.",,,,Long,129,Infinite Hope,14,No
Pete,6,0,Kitten,Domestic Short Hair,Orange / Red,Medium,Male,"Friendly, Affectionate, Gentle, Playful",,Yes,"Vaccinations up to date, spayed / neutered.",,,,Short,141,Infinite Hope,14,No
Tracy,6,0,Kitten,Tuxedo,Black & White / Tuxedo,Medium,Male,"Friendly, Affectionate, Gentle, Playful, Athletic",,Yes,"Vaccinations up to date, spayed / neutered.",,,,Short,131,Infinite Hope,14,No
Liz,6,0,Kitten,Tortoiseshell,Tortoiseshell,Medium,Female,"Gentle, Playful, Athletic, Quiet",,Yes,"Vaccinations up to date, spayed / neutered.",,,,Short,120,Infinite Hope,14,No
Jack,6,0,Kitten,Domestic Short Hair,Buff / Tan / Fawn,Large,Male,"Friendly, Affectionate, Playful, Curious, Brave, Smart, Athletic",,Yes,"Vaccinations up to date, spayed / neutered.",,,,Short,125,Infinite Hope,14,No
Romeo and Guero,4,0,Young,Domestic Short Hair,,Medium,Male,"Friendly, Affectionate, Gentle, Playful",,Yes,"Vaccinations up to date, spayed / neutered.",,,,Medium,149,The Lucky Cat Rescue,14,No
Jesse,4,0,Senior,Tabby,Gray / Blue / Silver,Large,Male,,,Yes,"Vaccinations up to date, spayed / neutered.",Other animals. Humans.,,Other cats.,Medium,62,Frankie's Fund for Feline Care and Rescue,14,No
Crescent,0,0,Adult,Domestic Short Hair,Tabby (Brown / Chocolate),Medium,Female,"Independent, Quiet, Smart",,Yes,"Vaccinations up to date, spayed / neutered.",,$150.00,"Dogs, children.",96,Union City Feral Cat Committee,14,No
Toby,4,0,Kitten,Domestic Short Hair,Tabby (Brown / Chocolate),Medium,Male,"Friendly, Affectionate, Playful, Smart, Brave, Curious, Gentle, Funny",,Yes,,,,,112,Union City Feral Cat Committee,14,No
Panda,0,0,Adult,Domestic Short Hair & Tuxedo Mix,Black & White / Tuxedo,Medium,Male,"Friendly, Playful, Smart, Curious, Independent",,Yes,"Vaccinations up to date, spayed / neutered.",,$150.00,Dogs.,78,Union City Feral Cat Committee,14,No
Mirage,0,0,Adult,Domestic Short Hair & Tortoiseshell Mix,Tortoiseshell,Medium,Female,"Gentle, Smart, Quiet, Independent, Affectionate, Friendly",,Yes,"Vaccinations up to date, spayed / neutered.",,$150.00,"Dogs, children.",85,Union City Feral Cat Committee,14,No
Finley,6,0,Adult,Domestic Short Hair,Orange & White,Medium,Male,"Friendly, Affectionate, Playful, Funny, Loves kisses",,Yes,"Vaccinations up to date, spayed / neutered.",Children.,$125.00,Other cats.,Short,111,Union City Animal Trust,14,No
Amapola,6,0,Adult,Domestic Short Hair,Black & White / Tuxedo,Medium,Female,"Friendly, Gentle, Playful, Curious, Affectionate, Funny",,Yes,"Vaccinations up to date, spayed / neutered.",Other cats.,$125.00,,Short,131,Union City Animal Trust,14,No
Checkers,4,0,Adult,Domestic Short Hair,Black & White / Tuxedo,Medium,Male,"Affectionate, Loyal, Gentle, Quiet, Couch potato",,Yes,"Vaccinations up to date, spayed / neutered.","Other cats, children.",$125.00,,Short,87,Union City Animal Trust,14,No
Dill & Carrot,5,0,Kitten,Domestic Short Hair,Dilute Tortoiseshell,Medium,Male,"Friendly, Affectionate, Loyal, Gentle, Playful, Curious, Funny, Athletic, Quiet",,Yes,"Vaccinations up to date, spayed / neutered.",Other cats.,$120.00,,Short,284,Cat Republic,14,No
Miss Misstoffelees,6,0,Young,Domestic Short Hair,Black,Medium,Female,", Affectionate, Gentle, Playful, Friendly, Curious, Funny, Loves kisses",,Yes,"Vaccinations up to date, spayed / neutered.",Other cats.,$150.00,"Dogs, children.",Short,364,AdvoCat Rescue,14,No
Fries & Mash - Bonded Brothers,6,0,Kitten,Domestic Short Hair,Black & White / Tuxedo,Small,Male,"Friendly, Affectionate, Playful, Gentle, Curious, Independent, Funny, Loves kisses",,Yes,"Vaccinations up to date, spayed / neutered.",Other cats.,$125.00,Children.,Short,229,AdvoCat Rescue,14,No
Mash & Fries - Bonded Brothers,6,0,Kitten,Domestic Short Hair,Black & White / Tuxedo,Small,Male,"Playful, Gentle, Curious, Independent, Funny, Loves kisses",,Yes,"Vaccinations up to date, spayed / neutered.",Other cats.,$125.00,Children.,Short,229,AdvoCat Rescue,14,No
The Jimmy,6,0,Kitten,Domestic Short Hair,Gray & White,Medium,Male,,,Yes,"Vaccinations up to date, spayed / neutered.",Other cats.,$200.00,,Short,264,AdvoCat Rescue,14,No
Hermione - Hogwarts Kittens,6,0,Kitten,Domestic Short Hair,Calico,Medium,Female,,,Yes,Vaccinations up to date.,Other cats.,$200.00,,Short,244,AdvoCat Rescue,14,No
Ron - Hogwarts Kittens,6,0,Kitten,Domestic Short Hair,Tabby (Buff / Tan / Fawn),Medium,Male,,,Yes,Vaccinations up to date.,Other cats.,$200.00,,Short,244,AdvoCat Rescue,14,No
Harry - Hogwarts Kittens,6,0,Kitten,Domestic Short Hair,Buff / Tan / Fawn,Medium,Male,,,Yes,Vaccinations up to date.,Other cats.,$200.00,,Short,244,AdvoCat Rescue,14,No
Max,0,0,Young,Domestic Short Hair,Orange & White,Medium,Male,,,Yes,"Vaccinations up to date, spayed / neutered.",,,,Short,51,Lindas Feral Cat Assistance,14,No
Swirly,5,0,Senior,Tabby,Tabby (Gray / Blue / Silver),Medium,Male,"Loyal, Affectionate, Gentle, Smart, Brave, Quiet",,Yes,"Vaccinations up to date, spayed / neutered.",,,"Other cats, dogs, children.",Short,105,KittyKaretakers of Queens,14,No
Monkey,2,0,Young,Domestic Short Hair,Lilac Point,Small,Male,"Friendly, Affectionate, Playful, Curious, Funny",,Yes,"Vaccinations up to date, spayed / neutered.",,,"Other cats, dogs, children.",103,KittyKaretakers of Queens,14,No
Suni,3,0,Young,Domestic Short Hair,Tabby (Brown / Chocolate),Medium,Female,Friendly,,Yes,"Vaccinations up to date, spayed / neutered.",Other cats.,,,Short,8,Lincoln Terrace Park Cats,14,No
Sylvester,5,0,Senior,Domestic Short Hair,Black & White / Tuxedo,Large,Male,"Friendly, Affectionate, Loyal, Playful, Smart, Brave, Curious, Dignified",,Yes,"Vaccinations up to date, spayed / neutered.",,$100.00,"Other cats, dogs, children.",Short,213,Sunset Park Cats,14,No
Oscar,6,0,Adult,Domestic Short Hair & Bengal Mix,Tabby (Leopard / Spotted),Large,Male,"Friendly, Playful, Smart, Brave, Curious, Independent, Funny, Athletic, Dignified",,Yes,"Vaccinations up to date, spayed / neutered.",,$100.00,"Other cats, dogs, children.",Short,121,Sunset Park Cats,14,No
Chi,6,0,Kitten,Domestic Short Hair,Tabby (Brown / Chocolate),Medium,Female,"Friendly, Affectionate, Playful, Smart, Loyal, Quiet, Funny, Curious, Loves kisses",,Yes,"Vaccinations up to date, spayed / neutered.",Children.,$100.00,"Other cats, dogs.",Short,197,Sunset Park Cats,14,No
Tor,6,0,Adult,Russian Blue & Domestic Short Hair Mix,Gray / Blue / Silver,Extra Large,Male,"Friendly, Affectionate, Gentle, Playful, Smart, Curious, Independent, Dignified, Quiet",,Yes,"Vaccinations up to date, spayed / neutered.",,$125.00,,Short,307,"Timber's Legacy, Inc.",14,No
Baby Ginny,5,0,Kitten,Tuxedo,Black & White / Tuxedo,Medium,Female,"Quiet, Independent, shy, Playful",,Yes,"Vaccinations up to date, spayed / neutered.","Other cats, dogs.",,,Short,40,NYC Teens for Animals,14,No
Brandon,2,0,Kitten,Domestic Medium Hair Mix,,Medium,Male,"Friendly, Affectionate",,Yes,"Vaccinations up to date, spayed / neutered.","Other cats, children.",$150.00,,48,Angels for Animals Network,14,No
Heather,3,1,Young,Domestic Short Hair,Dilute Tortoiseshell,Medium,Female,"Friendly, Affectionate, Loyal, Gentle, Playful, Independent, Loves kisses",,Yes,"Vaccinations up to date, spayed / neutered.","Other cats, children.",,Dogs.,Short,73,Happy Friends Rescue,14,No
Sherlock & Watson,6,0,Kitten,Domestic Short Hair,Black & White / Tuxedo,Medium,Male,"Friendly, Affectionate, Gentle, Loyal",,Yes,"Vaccinations up to date, spayed / neutered.","Other cats, children.",$325.00,,Short,68,Saving Cats & Kittens of Brooklyn,14,No
Bulldog,3,1,Young,Domestic Long Hair,Black & White / Tuxedo,Large,Male,"Friendly, Affectionate, Gentle, Couch potato, Loves kisses",,Yes,"Vaccinations up to date, spayed / neutered, special needs.","Other cats, children.",$150.00,,Long,249,Bronx Tails Cat Rescue,14,No
Bruno (M) and Marsi (F) - BONDED PAIR,6,0,Kitten,Domestic Short Hair & Tabby Mix,Black,Medium,Male,"Athletic, Friendly, Energetic, Playful, Affectionate, Curious",,Yes,"Vaccinations up to date, spayed / neutered.",,,,Short,305,Bronx Tails Cat Rescue,14,No
LEXI N.,3,1,Young,Domestic Short Hair,Tabby (Leopard / Spotted),Small,Female,"Friendly, Affectionate, Loyal, Gentle, Quiet, Loves kisses",,Yes,"Vaccinations up to date, spayed / neutered.",,,,Short,79,Bronx Tails Cat Rescue,14,No
Noel,6,0,Adult,Domestic Short Hair,Gray & White,Medium,Male,"Friendly, Affectionate, Loyal, Gentle, Loving, Grateful, Well Behaved",,Yes,"Vaccinations up to date, spayed / neutered.",Other cats.,,,Short,230,Bronx Tails Cat Rescue,14,No
PENNY RIVERA,5,0,Young,Domestic Short Hair,Black,Small,Female,"THE SWEETEST, SNUGGLY, SPECIAL, PLAYFUL, LOVEBUG",,Yes,"Vaccinations up to date, spayed / neutered, special needs.",Children.,,,Short,199,Bronx Tails Cat Rescue,14,No
Penny,1,1,Kitten,Dilute Tortoiseshell,Dilute Tortoiseshell,Small,Female,"Playful, Friendly, Gentle",,Yes,"Vaccinations up to date, spayed / neutered.","Other cats, dogs, children.",,,Short,39,Who Rescued Who Animal Rescue,14,No
Miss Misstoffelees,6,0,Young,Domestic Short Hair,Black,Medium,Female,", Affectionate, Gentle, Playful, Friendly, Curious, Funny, Loves kisses",,Yes,"Vaccinations up to date, spayed / neutered.",Other cats.,$150.00,"Dogs, children.",Short,364,AdvoCat Rescue,14,No
Fries & Mash - Bonded Brothers,6,0,Kitten,Domestic Short Hair,Black & White / Tuxedo,Small,Male,"Friendly, Affectionate, Playful, Gentle, Curious, Independent, Funny, Loves kisses",,Yes,"Vaccinations up to date, spayed / neutered.",Other cats.,$125.00,Children.,Short,229,AdvoCat Rescue,14,No
Mash & Fries - Bonded Brothers,6,0,Kitten,Domestic Short Hair,Black & White / Tuxedo,Small,Male,"Playful, Gentle, Curious, Independent, Funny, Loves kisses",,Yes,"Vaccinations up to date, spayed / neutered.",Other cats.,$125.00,Children.,Short,229,AdvoCat Rescue,14,No
The Jimmy,6,0,Kitten,Domestic Short Hair,Gray & White,Medium,Male,,,Yes,"Vaccinations up to date, spayed / neutered.",Other cats.,$200.00,,Short,264,AdvoCat Rescue,14,No
Hermione - Hogwarts Kittens,6,0,Kitten,Domestic Short Hair,Calico,Medium,Female,,,Yes,Vaccinations up to date.,Other cats.,$200.00,,Short,244,AdvoCat Rescue,14,No
Ron - Hogwarts Kittens,6,0,Kitten,Domestic Short Hair,Tabby (Buff / Tan / Fawn),Medium,Male,,,Yes,Vaccinations up to date.,Other cats.,$200.00,,Short,244,AdvoCat Rescue,14,No
Harry - Hogwarts Kittens,6,0,Kitten,Domestic Short Hair,Buff / Tan / Fawn,Medium,Male,,,Yes,Vaccinations up to date.,Other cats.,$200.00,,Short,244,AdvoCat Rescue,14,No
Casper,3,0,Adult,Domestic Short Hair,Gray & White,Medium,Male,"Friendly, Affectionate, Smart, Gentle",,Yes,"Vaccinations up to date, spayed / neutered.",Other cats.,$150.00,,Short,34,Brooklyn Adoptables,14,No
Sally,3,0,Adult,Bombay,Black,Medium,Female,"Friendly, Playful, Curious, Smart",,Yes,"Vaccinations up to date, spayed / neutered.",Other cats.,$150.00,,Short,34,Brooklyn Adoptables,14,No
Kira,3,0,Young,Calico,Calico,Small,Female,"Friendly, Affectionate, Loyal, Playful, Smart, Curious",,Yes,"Vaccinations up to date, spayed / neutered.","Other cats, children.",,,Short,39,Brooklyn Adoptables,14,No
Pudder,3,0,Young,American Shorthair & Tabby Mix,Tabby (Buff / Tan / Fawn),Medium,Male,"Friendly, Affectionate, Loyal, Gentle, Playful, Curious, Funny, Loves kisses",,Yes,"Vaccinations up to date, spayed / neutered.",,,,Medium,77,Adopt-A-Buddy,14,No
Stacey,3,0,Young,Domestic Short Hair,Black & White / Tuxedo,Medium,Female,"Friendly, Affectionate, Loves kisses, Gentle, Playful",,Yes,"Vaccinations up to date, spayed / neutered.",Children.,,Other cats.,Short,59,Brooklyn Adoptables,14,No
Rita Hayworth,6,0,Adult,American Shorthair & Tabby Mix,Orange & White,Medium,Female,"Friendly, Affectionate, Playful, Smart, Independent, Couch potato, Dignified, Loves kisses",,Yes,"Vaccinations up to date, spayed / neutered.",Children.,,"Other cats, dogs.",Medium,114,Adopt-A-Buddy,14,No
Rosie,5,0,Adult,American Shorthair & Tabby Mix,Tabby (Buff / Tan / Fawn),Medium,Female,"Smart, Couch potato, Independent, Friendly, Playful, Affectionate",,Yes,"Vaccinations up to date, spayed / neutered.",,,"Other cats, dogs, children.",Medium,81,Adopt-A-Buddy,14,No
The Cliffs,4,0,Kitten,Domestic Short Hair,Black,Small,Male,"Friendly, Affectionate, Loyal, Gentle, Playful, Smart",,Yes,"Vaccinations up to date, spayed / neutered.","Other cats, dogs, children.",$150.00,,Short,68,Animal Life Savers Inc.,14,No
MetroRock,3,0,Kitten,Domestic Short Hair,Black,Small,Male,"Friendly, Affectionate, Loyal, Gentle, Smart, Playful",,Yes,"Vaccinations up to date, spayed / neutered.","Other cats, dogs, children.",$150.00,,Short,67,Animal Life Savers Inc.,14,No
Vital,5,0,Kitten,Domestic Short Hair,Black,Small,Male,"Affectionate, Friendly, Loyal, Gentle, Playful, Smart",,Yes,"Vaccinations up to date, spayed / neutered.","Other cats, dogs, children.",$150.00,,Short,67,Animal Life Savers Inc.,14,No
BKB,4,0,Kitten,Domestic Short Hair,Black,Small,Male,"Friendly, Affectionate, Gentle, Playful, Loyal, Smart",,Yes,"Vaccinations up to date, spayed / neutered.","Other cats, dogs, children.",,,Short,66,Animal Life Savers Inc.,14,No
Jean and Boots,4,0,Young,Domestic Short Hair,Black & White / Tuxedo,Small,Female,"Friendly, Affectionate, Loyal, Gentle",,Yes,"Vaccinations up to date, spayed / neutered.","Other cats, dogs, children.",,,Short,74,Animal Life Savers Inc.,14,No
Fudge,3,0,Adult,Domestic Short Hair & Tabby Mix,Tabby (Buff / Tan / Fawn),Small,Female,"Quiet, Friendly, Couch potato",,Yes,"Vaccinations up to date, spayed / neutered.",Dogs.,,,Short,,Animal Life Savers Inc.,14,No
Rye,3,1,Kitten,Domestic Short Hair,Black & White / Tuxedo,Small,Male,"Friendly, Brave, Funny, Athletic, Curious, Playful, Loves kisses, Affectionate",,Yes,"Vaccinations up to date, spayed / neutered.","Other cats, dogs, children, other animals. All.",$150.00,,Short,49,Animal Life Savers Inc.,14,No
Wheat,5,1,Kitten,Domestic Short Hair,Black & White / Tuxedo,Small,Male,"Friendly, Brave, Funny, Athletic, Curious, Playful, Loves kisses, Affectionate",,Yes,"Vaccinations up to date, spayed / neutered.","Other cats, dogs, children, other animals. All.",$150.00,,Short,49,Animal Life Savers Inc.,14,No
Barley,2,1,Kitten,Domestic Short Hair,Black & White / Tuxedo,Small,Female,"Friendly, Brave, Funny, Athletic, Curious, Playful, Loves kisses, Affectionate",,Yes,"Vaccinations up to date, spayed / neutered.","Other cats, dogs, children, other animals. All.",$150.00,,Short,49,Animal Life Savers Inc.,14,No
Nicolas,4,0,Kitten,Domestic Short Hair,Black,Small,Male,"Friendly, Affectionate, Brave, Playful, Curious, Independent, Funny, Athletic",,Yes,"Vaccinations up to date, spayed / neutered.","Other cats, dogs, children, other animals. All.",$150.00,,Short,129,Animal Life Savers Inc.,14,No
Mr Cool,2,0,Young,Bombay Mix,,Medium,Male,"Friendly, Affectionate, Gentle, Playful, Smart, Brave, Curious, Independent, Funny, Couch potato, Loves kisses",,Yes,"Vaccinations up to date, spayed / neutered.",Other cats.,,,Short,57,"Animals Are Forever, Inc",14,No
Stacy,3,0,Young,American Shorthair Mix,,Medium,Female,"Friendly, Affectionate, Gentle, Playful, Smart, Loves kisses, Couch potato, Funny",,Yes,"Vaccinations up to date, spayed / neutered.",Other cats.,,,Short,45,"Animals Are Forever, Inc",14,No
Cupcake,2,0,Kitten,American Shorthair Mix,Tabby (Orange / Red),Small,Male,"Friendly, Affectionate, Gentle, Playful, Smart, Curious, Independent, Funny, Couch potato, Loves kisses",,Yes,"Vaccinations up to date, spayed / neutered.",Other cats.,,,Short,46,"Animals Are Forever, Inc",14,No
Ice cube,2,0,Young,American Shorthair Mix,Tabby (Orange / Red),Small,Male,"Friendly, Affectionate, Playful, Curious, Funny, Couch potato",,Yes,"Vaccinations up to date, spayed / neutered.",Other cats.,,,Short,56,"Animals Are Forever, Inc",14,No
Gordon Ramsey,2,0,Kitten,American Shorthair,Tabby (Orange / Red),Small,Male,"Friendly, Affectionate, Gentle, Playful, Quiet, Curious, Brave, Couch potato, Loves kisses",,Yes,"Vaccinations up to date, spayed / neutered.",Other cats.,,,Short,53,"Animals Are Forever, Inc",14,No
Elvis,4,0,Young,Bombay,,Small,Male,"Friendly, Affectionate, Gentle, Couch potato, Athletic, Curious",,Yes,"Vaccinations up to date, spayed / neutered.",Other cats.,,,35,"Animals Are Forever, Inc",14,No
Kira,5,0,Young,Tortoiseshell & Calico Mix,Tortoiseshell,Small,Female,"Friendly, Affectionate, Playful, Smart, Curious, Funny, Loves kisses",,Yes,"Vaccinations up to date, spayed / neutered.","Other cats, dogs.",,,46,"Animals Are Forever, Inc",14,No
Peach and Banana (Bonded Pair),6,0,Young,Domestic Short Hair & Domestic Medium Hair Mix,Tabby (Orange / Red),Medium,Male,"Friendly, Affectionate, Gentle, Playful, Smart, Curious, Funny, Loyal, Brave, Loves kisses",,Yes,"Vaccinations up to date, spayed / neutered, special needs.",,,,374,Frisky Fosters,14,No
Peri and Simone,5,0,Kitten,Calico,Calico,Medium,Female,"Friendly, Affectionate, Gentle, Playful, Smart, Curious, Independent, Athletic",,Yes,Vaccinations up to date.,"Other cats, children.",,,Short,283,Lucky Black Cats of Mew York,14,No
Leo,2,0,Senior,Domestic Short Hair,Tabby (Gray / Blue / Silver),Medium,Male,,,Yes,"Vaccinations up to date, spayed / neutered.","Other cats, children.",,,Short,80,Bergen County Animal Shelter,14,No
Bonnie & Cherry - MUST GO TOGETHER,4,0,Kitten,Domestic Short Hair Mix,Gray / Blue / Silver,Small,Female,"Friendly, Affectionate, Curious, Independent",,Yes,Vaccinations up to date.,"Other cats, children.",$299.97,,Short,198,Cat Castle NYC,14,No
Pancake,6,0,Adult,Domestic Short Hair,Black,Medium,Female,"Playful, Loyal, Friendly",,Yes,"Vaccinations up to date, spayed / neutered.",Other cats.,,,Short,189,WaHi Cats (Washington Heights Cat Co…,14,No
Cricket & Hopper - must go together,5,0,Kitten,Domestic Long Hair & Domestic Short Hair Mix,Black & White / Tuxedo,Small,Female,"Affectionate, Friendly, Playful, Curious, Athletic, Couch potato",,Yes,Vaccinations up to date.,"Other cats, children.",$300.00,,259,Cat Castle NYC,14,No
Cricket & Hopper - must go together,5,0,Kitten,Domestic Long Hair & Domestic Short Hair Mix,Black & White / Tuxedo,Small,Female,"Affectionate, Friendly, Playful, Curious, Athletic, Couch potato",,Yes,Vaccinations up to date.,"Other cats, children.",$300.00,,259,Cat Castle NYC,14,No
Star,2,0,Kitten,Domestic Short Hair,Gray & White,Small,Female,"Friendly, Affectionate, Loyal, Playful, Smart, Curious, Funny, Gentle, Loves kisses",,Yes,Vaccinations up to date.,"Dogs, children, other animals. friendly dogs.",$150.00,,Short,40,Animal Adoption Veterinary Center,14,No
Bell,2,0,Kitten,Domestic Short Hair,Gray & White,Small,Female,"Friendly, Affectionate, Loyal, Playful, Smart, Curious, Funny, Gentle, Loves kisses",,Yes,Vaccinations up to date.,"Dogs, children, other animals. friendly dogs.",,,Short,40,Animal Adoption Veterinary Center,14,No
RINGO,3,0,Kitten,Bombay & Siamese Mix,Black,Small,Male,,,Yes,"Vaccinations up to date, spayed / neutered.",Children.,,,Short,104,"For Blake's Sake Rescue, Inc.",14,No
LUCY,3,0,Kitten,Bombay & Burmese Mix,Black,Small,Female,,,Yes,"Vaccinations up to date, spayed / neutered.",Children.,,,Short,108,"For Blake's Sake Rescue, Inc.",14,No
PENNY,4,0,Kitten,Tabby & Russian Blue Mix,Gray & White,Small,Female,,,Yes,"Vaccinations up to date, spayed / neutered.",Children.,,,Short,106,"For Blake's Sake Rescue, Inc.",14,No
SIXX,3,0,Kitten,Tabby & Bengal Mix,Tabby (Brown / Chocolate),Small,Male,,,Yes,"Vaccinations up to date, spayed / neutered.","Other cats, children.",,,Short,107,"For Blake's Sake Rescue, Inc.",14,No
Brandy,0,0,Kitten,Domestic Short Hair,Orange & White,Medium,Female,"Friendly, Affectionate, Gentle, Playful, Loyal",,Yes,"Vaccinations up to date, spayed / neutered.","Other cats, dogs, children, other animals. Good with all other pets.",$175.00,,Short,92,Yellow Brick Road Rescue NJ,14,No
Jessica,2,0,Kitten,Domestic Short Hair,Tabby (Brown / Chocolate),Medium,Female,"Friendly, Affectionate, Gentle, Playful, Loyal",,Yes,"Vaccinations up to date, spayed / neutered.","Other cats, dogs, children, other animals. Good with all other pets.",$175.00,,Short,92,Yellow Brick Road Rescue NJ,14,No
Skittles,0,0,Kitten,Domestic Short Hair,Tabby (Gray / Blue / Silver),Medium,Female,"Friendly, Affectionate, Loyal, Gentle, Playful",,Yes,"Vaccinations up to date, spayed / neutered.","Other cats, dogs, children, other animals. All other pets.",$175.00,,Short,103,Yellow Brick Road Rescue NJ,14,No
Kit Kat,0,0,Kitten,Domestic Short Hair,Black,Medium,Female,"Friendly, Affectionate, Loyal, Gentle, Playful",,Yes,"Vaccinations up to date, spayed / neutered.","Other cats, dogs, children, other animals. All other pets.",$175.00,,Short,109,Yellow Brick Road Rescue NJ,14,No
Jelly Bean,0,0,Kitten,Domestic Short Hair,Black & White / Tuxedo,Medium,Female,"Friendly, Affectionate, Loyal, Gentle, Playful",,Yes,"Vaccinations up to date, spayed / neutered.","Other cats, dogs, children, other animals. All other pets.",$175.00,,Short,108,Yellow Brick Road Rescue NJ,14,No
Reese,0,0,Kitten,Domestic Short Hair,Gray / Blue / Silver,Medium,Male,"Friendly, Affectionate, Loyal, Gentle, Playful",,Yes,"Vaccinations up to date, spayed / neutered.","Other cats, dogs, children, other animals. All other pets.",$175.00,,Short,103,Yellow Brick Road Rescue NJ,14,No
Bacon,0,0,Kitten,Domestic Short Hair,Gray / Blue / Silver,Medium,Male,"Friendly, Affectionate, Gentle, Playful, Loyal",,Yes,"Vaccinations up to date, spayed / neutered.","Other cats, dogs, children, other animals. Good with all other pets.",$175.00,,Short,92,Yellow Brick Road Rescue NJ,14,No
Eggs,0,0,Kitten,Domestic Short Hair,Tabby (Gray / Blue / Silver),Medium,Male,"Friendly, Affectionate, Gentle, Playful, Loyal",,Yes,"Vaccinations up to date, spayed / neutered.","Other cats, dogs, children, other animals. Good with all other pets.",$175.00,,Short,92,Yellow Brick Road Rescue NJ,14,No
Pancake,0,0,Kitten,Domestic Short Hair,Tabby (Brown / Chocolate),Medium,Male,"Friendly, Affectionate, Gentle, Playful, Loyal",,Yes,"Vaccinations up to date, spayed / neutered.","Other cats, dogs, children, other animals. Good with all other pets.",$175.00,,Short,92,Yellow Brick Road Rescue NJ,14,No
Blueberry Muffin,0,0,Adult,Domestic Short Hair,Gray / Blue / Silver,Medium,Female,"Friendly, Affectionate, Gentle, Playful, Loyal, Smart",,Yes,"Vaccinations up to date, spayed / neutered.","Other cats, dogs, children, other animals. Good with all other pets.",$100.00,,Short,99,Yellow Brick Road Rescue NJ,14,No
Ruby’s Kittens,4,0,Kitten,Domestic Short Hair,Tabby (Tiger Striped),Small,Male,"Friendly, Affectionate, Playful, Smart, Curious, Athletic, Funny, Brave",,Yes,Vaccinations up to date.,"Other cats, dogs, children.",$100.00,,Short,25,A Purrfect World,14,No
Balboa,6,0,Senior,Domestic Short Hair,Black & White / Tuxedo,Medium,Male,"Brave, Smart, Friendly, Dignified, Loyal",,Yes,"Vaccinations up to date, spayed / neutered.",,,Other cats.,Short,157,daps animals,14,No
Sylvie Loo,6,0,Adult,Domestic Short Hair,Gray & White,Medium,Female,"Friendly, Gentle, Quiet, Playful",,Yes,"Vaccinations up to date, spayed / neutered.",,,Other cats.,79,daps animals,14,No
Clara,4,0,Young,Domestic Short Hair & Tabby Mix,Tabby (Buff / Tan / Fawn),Medium,Female,"Playful, Curious, Brave, Friendly",,Yes,"Vaccinations up to date, spayed / neutered.",Other cats.,,,Short,73,daps animals,14,No
Cosmo,4,0,Adult,Domestic Short Hair,Gray / Blue / Silver,Medium,Male,,,Yes,"Vaccinations up to date, spayed / neutered.",Other cats.,,,Short,87,Bloomfield Animal Shelter - John A. Bukow…,14,No
Diamond,2,0,Kitten,American Shorthair,Tabby (Tiger Striped),Small,Female,"Friendly, Affectionate, Gentle, Playful",,Yes,Vaccinations up to date.,"Other cats, children.",$175.00,,Short,27,Miss Pats Cats,14,No
Chevy,0,0,Kitten,American Shorthair,Black,Small,Male,"Friendly, Affectionate, Playful",,Yes,Vaccinations up to date.,Other cats.,$175.00,,Short,12,Miss Pats Cats,14,No
Chauncy,0,0,Kitten,American Shorthair,White,Small,Male,"Friendly, Affectionate, Playful",,Yes,Vaccinations up to date.,Other cats.,$175.00,,Short,13,Miss Pats Cats,14,No
Winter & Bowie,6,0,Young,Domestic Short Hair,Black & White / Tuxedo,Medium,Male,"Friendly, Affectionate, Loyal, Gentle, Playful, Smart, Curious, Funny, Loves kisses",,Yes,"Vaccinations up to date, spayed / neutered.",Other cats.,,,Short,200,Staten Island Hope Animal Rescue,14,No
Blossom & Boo,4,0,Kitten,Domestic Short Hair,Black,Medium,Female,"Friendly, Affectionate, Playful, Smart, Funny, Loves kisses",,Yes,"Vaccinations up to date, spayed / neutered.","Other cats, children.",$225.00,,137,Dreamers Rescue,14,No
Garlic,5,0,Kitten,Domestic Short Hair,Orange & White,Medium,Male,"Friendly, Affectionate, Playful, Gentle, Curious, Smart, Funny",,Yes,"Vaccinations up to date, spayed / neutered.","Other cats, children.",,,Short,125,Cameron Animal Hospital Rescue,14,No
Onion,5,0,Kitten,Domestic Short Hair,Orange & White,Medium,Male,"Friendly, Affectionate, Gentle, Playful, Curious, Funny",,Yes,"Vaccinations up to date, spayed / neutered.","Other cats, children.",$175.00,,Short,125,Cameron Animal Hospital Rescue,14,No
Glow,5,0,Adult,Domestic Short Hair,Orange & White,Medium,Male,"Friendly, Affectionate, Playful, Smart",,Yes,"Vaccinations up to date, spayed / neutered, special needs.","Other cats, children.",,,Short,71,PAWS - Montclair,14,No
Abandoned Cats Coming In,6,0,Adult,Domestic Short Hair,,Medium,Male,,,Yes,"Vaccinations up to date, spayed / neutered.",,,,129,Friends of the Clifton Animal Shelter,14,No
Bangs,3,1,Adult,Domestic Short Hair,,Medium,Female,,,Yes,"Vaccinations up to date, spayed / neutered.",,,,,Friends of the Clifton Animal Shelter,14,No
Grammy,3,0,Young,Domestic Short Hair,,Medium,Female,,,Yes,"Vaccinations up to date, spayed / neutered.",,,,,Friends of the Clifton Animal Shelter,14,No
Summer,5,0,Kitten,Domestic Short Hair,,Small,Female,,,Yes,"Vaccinations up to date, spayed / neutered.",,,,,Friends of the Clifton Animal Shelter,14,No
Sunset,3,1,Kitten,Domestic Short Hair,,Small,Male,,,Yes,"Vaccinations up to date, spayed / neutered.",Other cats.,,,,Friends of the Clifton Animal Shelter,14,No
Godiva,3,0,Young,Domestic Short Hair,Black,Small,Female,", Friendly, Affectionate, Gentle, Playful, Brave, Curious, Independent, Funny",,Yes,"Vaccinations up to date, spayed / neutered.","Other cats, dogs, children.",,,Short,198,Strays Hope for Life,14,No
Phoebe,6,0,Kitten,Domestic Short Hair,Black,Small,Female,", Friendly, Affectionate, Gentle, Playful, Smart, Brave, Curious, Funny, Loves kisses",,Yes,"Vaccinations up to date, spayed / neutered.","Other cats, dogs, children.",,,Short,52,Strays Hope for Life,14,No
Champ,5,0,Kitten,Domestic Short Hair,Gray / Blue / Silver,Small,Male,", Friendly, Affectionate, Gentle, Playful, Smart, Brave, Curious, Funny, Loves kisses",,Yes,"Vaccinations up to date, spayed / neutered.","Other cats, dogs, children.",,,52,Strays Hope for Life,14,No
Frank,6,0,Kitten,Domestic Short Hair,Black & White / Tuxedo,Small,Male,", Friendly, Affectionate, Playful, Smart, Brave, Curious, Funny, Athletic, Loves kisses",,Yes,"Vaccinations up to date, spayed / neutered.","Other cats, dogs, children.",,,Short,90,Strays Hope for Life,14,No
Julie,6,0,Kitten,Calico,Calico,Small,Female,"Friendly, Affectionate, Playful, Smart, Funny, Loves kisses, Curious, Brave",,Yes,"Vaccinations up to date, spayed / neutered.","Other cats, dogs, children.",,,Short,73,Strays Hope for Life,14,No
Leo,2,0,Kitten,Domestic Short Hair,Gray & White,Small,Male,,,Yes,"Vaccinations up to date, spayed / neutered.",Other cats.,,,Short,141,West Orange TNVR,14,No
Calvin and Hobbes,0,0,Young,Domestic Short Hair,Tabby (Gray / Blue / Silver),Medium,Male,"Affectionate, Playful",,Yes,"Vaccinations up to date, spayed / neutered.","Other cats, children.",,,31,Meows Kitty Cat Rescue Inc.,14,No
Amelia,2,0,Adult,Domestic Short Hair,Tabby (Buff / Tan / Fawn),Medium,Female,Gentle,,Yes,Vaccinations up to date.,"Other cats, children.",,,66,Meows Kitty Cat Rescue Inc.,14,No
Pepsi,2,0,Kitten,Domestic Short Hair,Black & White / Tuxedo,Small,Female,"Friendly, Affectionate, Playful, Funny, Loves kisses",,Yes,,"Other cats, dogs, children.",,,53,Meows Kitty Cat Rescue Inc.,14,No
Viola,0,0,Kitten,Domestic Short Hair,Tabby (Brown / Chocolate),Medium,Female,"Friendly, Playful, Funny, Independent",,Yes,,"Other cats, dogs, children.",,,Short,68,Meows Kitty Cat Rescue Inc.,14,No
Maestro,0,0,Kitten,Domestic Short Hair,Gray & White,Medium,Male,"Friendly, Playful, Independent, Funny",,Yes,,"Other cats, dogs, children.",,,Short,61,Meows Kitty Cat Rescue Inc.,14,No
Tympani,0,0,Kitten,Domestic Short Hair,Gray & White,Medium,Female,"Friendly, Playful, Curious, Independent",,Yes,,"Other cats, dogs, children.",,,Short,60,Meows Kitty Cat Rescue Inc.,14,No
Clarinet,0,0,Kitten,Domestic Short Hair,Gray & White,Medium,Female,"Friendly, Affectionate, Playful, Curious, Funny",,Yes,,"Other cats, children.",,,57,Meows Kitty Cat Rescue Inc.,14,No
Bill,4,0,Kitten,Domestic Short Hair,Tabby (Orange / Red),Small,Male,,,Yes,"Vaccinations up to date, spayed / neutered.",Other cats.,,,Short,99,West Orange TNVR,14,No
Flower and Daisy,6,0,Kitten,Dilute Calico,Dilute Calico,Small,Female,"Friendly, Affectionate, Gentle, Playful, Curious",,Yes,"Vaccinations up to date, spayed / neutered.","Other cats, children.",,,Short,43,Happy Homes Animal Rescue,14,No
Amira,3,0,Kitten,Domestic Short Hair & Torbie Mix,Torbie,Small,Female,"Friendly, Affectionate, Playful, Curious",,Yes,"Vaccinations up to date, spayed / neutered.","Other cats, children.",,,Short,18,Happy Homes Animal Rescue,14,No
Cynthia,2,0,Young,Domestic Short Hair & Dilute Calico Mix,Dilute Calico,Medium,Female,"Friendly, Affectionate, Gentle",,Yes,"Vaccinations up to date, spayed / neutered.","Other cats, dogs, children.",,,Short,37,Happy Homes Animal Rescue,14,No
Seamus,5,0,Kitten,Domestic Medium Hair,Gray & White,Medium,Male,"Friendly, Affectionate, Playful, Curious, Funny",,Yes,"Vaccinations up to date, spayed / neutered.","Other cats, dogs, children.",$200.00,,Medium,46,Happy Homes Animal Rescue,14,No
Anastasia,4,0,Kitten,Domestic Short Hair,Gray & White,Small,Female,"Friendly, Gentle, Playful, Smart",,Yes,Vaccinations up to date.,"Other cats, children.",,,Short,143,Staten Island Council for Animal Welfare,14,No
Timmy,4,0,Kitten,Domestic Short Hair,Orange & White,Medium,Male,,,Yes,"Vaccinations up to date, spayed / neutered.",,,,Short,21,Save The Animals Rescue Team II,14,No
Sushi,4,0,Kitten,Domestic Short Hair,Black & White / Tuxedo,Medium,Female,,,Yes,"Vaccinations up to date, spayed / neutered.",,,,Short,36,Save The Animals Rescue Team II,14,No
Rocky,4,0,Kitten,Domestic Short Hair,Black,Medium,Male,,,Yes,"Vaccinations up to date, spayed / neutered.",,,,Short,33,Save The Animals Rescue Team II,14,No
Tigger,4,0,Adult,Domestic Short Hair,Tabby (Brown / Chocolate),Medium,Male,,,Yes,"Vaccinations up to date, spayed / neutered.",,,,Short,26,Save The Animals Rescue Team II,14,No
Brandy,4,0,Kitten,Domestic Long Hair,Calico,Medium,Female,,,Yes,"Vaccinations up to date, spayed / neutered.",,,,Long,31,Save The Animals Rescue Team II,14,No
Scooter,4,0,Kitten,Domestic Short Hair,Black & White / Tuxedo,Medium,Male,,,Yes,"Vaccinations up to date, spayed / neutered.",,,,Short,36,Save The Animals Rescue Team II,14,No
Charlie,4,0,Kitten,Domestic Short Hair,Black & White / Tuxedo,Medium,Male,,,Yes,"Vaccinations up to date, spayed / neutered.",,,,Short,33,Save The Animals Rescue Team II,14,No
Emily,4,0,Adult,Tuxedo,Black & White / Tuxedo,Medium,Female,"Friendly, Affectionate, Loyal, Gentle, Playful, Curious, Loves kisses, Smart",,Yes,"Vaccinations up to date, spayed / neutered.","Other cats, children.",,,Short,46,"Friends of Linden Animal Shelter, Inc.",14,No
Rusty,5,0,Adult,Domestic Short Hair,Orange & White,Medium,Male,"Friendly, Affectionate, Loyal, Gentle, Playful, Curious, Quiet, Loves kisses",,Yes,"Vaccinations up to date, spayed / neutered.","Other cats, children.",,,Short,47,"Friends of Linden Animal Shelter, Inc.",14,No
Dewey,5,0,Adult,Domestic Short Hair,Tabby (Tiger Striped),Medium,Male,"Friendly, Affectionate, Loyal, Gentle, Playful, Loves kisses, Curious, Independent",,Yes,"Vaccinations up to date, spayed / neutered.",Other cats.,,,Medium,43,"Friends of Linden Animal Shelter, Inc.",14,No
Eve,6,0,Kitten,Domestic Short Hair,Black,Medium,Female,"Friendly, Affectionate, Loyal, Gentle, Playful, Smart, Curious, Loves kisses, Funny",,Yes,"Vaccinations up to date, spayed / neutered.","Other cats, children.",,,Short,60,"Friends of Linden Animal Shelter, Inc.",14,No
Autumn,5,0,Kitten,Domestic Short Hair,Black,Medium,Female,"Friendly, Affectionate, Loyal, Gentle, Playful, Smart, Curious, Loves kisses, Funny",,Yes,"Vaccinations up to date, spayed / neutered.","Other cats, children.",,,Short,62,"Friends of Linden Animal Shelter, Inc.",14,No
Johnny,4,0,Kitten,Domestic Short Hair,Tabby (Tiger Striped),Medium,Male,"Friendly, Affectionate, Loyal, Gentle, Playful, Smart, Quiet, Loves kisses, Curious",,Yes,"Vaccinations up to date, spayed / neutered.","Other cats, children.",,,Short,46,"Friends of Linden Animal Shelter, Inc.",14,No
Teeny,4,0,Kitten,Dilute Tortoiseshell,Dilute Tortoiseshell,Medium,Female,"Friendly, Affectionate, Loyal, Gentle, Playful, Smart, Loves kisses, Quiet, Curious",,Yes,"Vaccinations up to date, spayed / neutered.","Other cats, children.",,,Short,38,"Friends of Linden Animal Shelter, Inc.",14,No
Buffy,4,0,Kitten,Domestic Short Hair,Buff & White,Medium,Male,"Friendly, Affectionate, Loyal, Gentle, Playful, Smart, Curious, Loves kisses, Funny, Brave",,Yes,"Vaccinations up to date, spayed / neutered.","Other cats, children.",,,Short,45,"Friends of Linden Animal Shelter, Inc.",14,No
Timmy,5,0,Kitten,Domestic Short Hair,Gray / Blue / Silver,Medium,Male,"Friendly, Affectionate, Loyal, Playful, Smart, Gentle, Curious, Independent, Loves kisses",,Yes,"Vaccinations up to date, spayed / neutered.","Other cats, children.",,,Short,41,"Friends of Linden Animal Shelter, Inc.",14,No
Charlie,6,0,Adult,Domestic Short Hair,Orange & White,Medium,Male,"Friendly, Affectionate, Loyal, Gentle, Curious",,Yes,"Vaccinations up to date, spayed / neutered.",Other cats.,,,51,"Friends of Linden Animal Shelter, Inc.",14,No
Leo,3,0,Adult,Domestic Short Hair,White,Medium,Male,"Friendly, Affectionate, Loyal, Gentle, Playful, Smart, Loves kisses, Curious",,Yes,"Vaccinations up to date, spayed / neutered.",Other cats.,,,Hairless,54,"Friends of Linden Animal Shelter, Inc.",14,No
Snowflake,5,0,Young,Tabby,Tabby (Tiger Striped),Medium,Female,"Friendly, Affectionate, Loyal, Gentle, Playful, Smart, Curious, Loves kisses",,Yes,"Vaccinations up to date, spayed / neutered.","Other cats, children.",,,Short,43,"Friends of Linden Animal Shelter, Inc.",14,No
LuLu,3,1,Kitten,Tabby,Tabby (Gray / Blue / Silver),Small,Female,"Friendly, Affectionate, Gentle, Playful, Smart, Curious, Brave, Funny, Athletic, Loves kisses",,Yes,"Vaccinations up to date, spayed / neutered.",Other cats.,$150.00,,Short,183,Eastchester Bay Stray Cat Project,14,No
Poe,6,0,Kitten,Domestic Short Hair Mix,Tabby (Gray / Blue / Silver),Medium,Female,"Affectionate, Friendly, Loyal, Gentle, Playful, Independent, Curious, Smart, Funny, Quiet, Athletic, Dignified, Loves kisses",,Yes,"Vaccinations up to date, spayed / neutered.",,,,Short,117,Humane Urban Group,14,No
Allan,6,0,Kitten,Domestic Short Hair Mix,Tabby (Brown / Chocolate),Medium,Male,"Friendly, Loyal, Gentle, Playful, Affectionate, Protective, Smart, Brave, Curious, Independent, Dignified, Athletic, Funny, Loves kisses",,Yes,"Vaccinations up to date, spayed / neutered.",,,,Short,91,Humane Urban Group,14,No
Bo,4,1,Adult,Tabby,Tabby (Tiger Striped),Medium,Male,"Friendly, Affectionate, Loyal, Quiet, Gentle, Loves kisses",,Yes,"Vaccinations up to date, spayed / neutered.",Other cats.,,,Short,55,"Friends of Linden Animal Shelter, Inc.",14,No
Roz,0,0,Adult,Domestic Short Hair,Black & White / Tuxedo,Small,Female,,,Yes,"Vaccinations up to date, spayed / neutered, special needs.","Other cats, dogs, children.",,,Short,266,"S.T.A.R.T., Save The Animals Rescue Team",14,No
Farmer (LE),3,0,Kitten,Domestic Short Hair,Tabby (Orange / Red),Medium,Male,"Playful, Smart, Athletic, Brave",,Yes,"Vaccinations up to date, spayed / neutered.",Other cats.,,,Short,223,"S.T.A.R.T., Save The Animals Rescue Team",14,No
Golden (LE),4,0,Kitten,Domestic Short Hair,Tabby (Tiger Striped),Medium,Female,"Gentle, Friendly, Quiet, Smart, Independent",,Yes,"Vaccinations up to date, spayed / neutered.","Other cats, children.",,,Short,273,"S.T.A.R.T., Save The Animals Rescue Team",14,No
Mabel (LE),3,0,Adult,Domestic Short Hair & Calico Mix,Calico,Medium,Female,"Friendly, Affectionate, Gentle, Protective, Brave",,Yes,"Vaccinations up to date, spayed / neutered.","Other cats, children.",,,Short,222,"S.T.A.R.T., Save The Animals Rescue Team",14,No
Lewis,2,0,Senior,Tabby & American Shorthair Mix,Tabby (Brown / Chocolate),Medium,Male,"Friendly, Affectionate, Gentle, Playful, Independent, Smart, Funny",,Yes,"Vaccinations up to date, spayed / neutered.",,,,Short,48,Zion's Mission Animal Rescue Inc.,14,No
Fancy (Courtesy Post),0,0,Senior,Domestic Short Hair,Calico,Medium,Female,"Friendly, Affectionate, Loves kisses",,Yes,"Vaccinations up to date, spayed / neutered, special needs.",Other cats.,,,Short,87,"Best Friend Dog and Animal Adoption, Inc.",14,No
Lucky,0,0,Senior,Domestic Short Hair,Black,Medium,Male,"Friendly, Affectionate",,Yes,"Vaccinations up to date, spayed / neutered.",,,,Short,63,Happy Tails Animal Rescue,14,No
Gino,1,1,Kitten,Domestic Short Hair Mix,Gray & White,Medium,Male,"Friendly, Affectionate, Gentle, Playful, Smart, Curious, Funny, Athletic, Loves kisses",,Yes,"Vaccinations up to date, spayed / neutered.","Other cats, children.",,,Short,73,Alleykattz Rescue,14,No
Lucy,0,0,Kitten,Domestic Short Hair Mix,Black & White / Tuxedo,Medium,Female,"Friendly, Gentle, Playful, Curious, Independent",,Yes,"Vaccinations up to date, spayed / neutered.","Other cats, children.",,,Short,95,Alleykattz Rescue,14,No
Sunny and Cookie,3,0,Young,Domestic Short Hair Mix,Black & White / Tuxedo,Medium,Female,"Friendly, Affectionate, Gentle, Playful, Curious, Smart, Funny",,Yes,"Vaccinations up to date, spayed / neutered.","Other cats, children.",,,Short,55,Alleykattz Rescue,14,No
Tia,0,0,Young,Domestic Short Hair Mix,Tabby (Tiger Striped),Medium,Female,"Friendly, Gentle, Independent, Smart, Affectionate, Dignified, Quiet",,Yes,"Vaccinations up to date, spayed / neutered.",Children.,,,Short,67,Alleykattz Rescue,14,No
Petra,0,0,Kitten,Manx Mix,Black,Medium,Female,"Friendly, Affectionate, Gentle, Playful, Smart, Curious, Funny",,Yes,Vaccinations up to date.,"Other cats, children.",,,Short,71,Alleykattz Rescue,14,No
Larry and Moe,0,0,Kitten,Domestic Short Hair Mix,Orange & White,Medium,Male,"Friendly, Affectionate, Playful, Gentle, Smart, Curious, Funny",,Yes,"Vaccinations up to date, spayed / neutered.","Other cats, children.",,,Short,66,Alleykattz Rescue,14,No
Rubie,0,0,Young,Domestic Short Hair Mix,Buff / Tan / Fawn,Medium,Female,"Friendly, Affectionate, Playful, Curious, Independent, Quiet, Dignified",,Yes,Spayed / neutered.,"Other cats, dogs, children, other animals. Note: Older Children.",,,Short,109,Alleykattz Rescue,14,No
Felix,0,0,Kitten,Domestic Short Hair Mix,Black & White / Tuxedo,Medium,Male,"Friendly, Affectionate, Playful, Gentle, Curious, Funny, Loves kisses",,Yes,Vaccinations up to date.,"Other cats, children.",,,Short,149,Alleykattz Rescue,14,No
Gracie,0,0,Kitten,Domestic Short Hair,Gray / Blue / Silver,Medium,Female,"Friendly, Affectionate, Playful, Curious, Funny, Loves kisses",,Yes,Vaccinations up to date.,"Other cats, children.",,,Short,103,Alleykattz Rescue,14,No
Aaron,0,0,Young,Domestic Short Hair Mix,Tabby (Tiger Striped),Medium,Male,"Friendly, Playful, Gentle, Curious, Independent, Funny, Dignified",,Yes,"Vaccinations up to date, spayed / neutered.","Other cats, children.",,,Short,123,Alleykattz Rescue,14,No
Emily,0,0,Young,Domestic Short Hair Mix,Tabby (Tiger Striped),Medium,Female,"Friendly, Affectionate, Gentle, Playful, Smart, Curious",,Yes,"Vaccinations up to date, spayed / neutered.","Other cats, children.",,,Short,118,Alleykattz Rescue,14,No
Sampson,0,0,Kitten,Domestic Short Hair Mix,White,Medium,Male,"Friendly, Affectionate, Playful, Curious, Smart, Funny, Loves kisses",,Yes,Vaccinations up to date.,"Other cats, children.",,,Short,70,Alleykattz Rescue,14,No
Nico and Niki,2,0,Kitten,Domestic Short Hair Mix,Tabby (Tiger Striped),Medium,Male,"Friendly, Affectionate, Gentle, Playful, Curious, Loves kisses, Funny",,Yes,Vaccinations up to date.,"Other cats, children.",,,48,Alleykattz Rescue,14,No
Daisy,0,0,Young,Domestic Short Hair,Tabby (Brown / Chocolate),Medium,Female,"Friendly, Affectionate",,Yes,"Vaccinations up to date, spayed / neutered.",,,,Short,81,S.A.R.A. Inc.,14,No
Daffney,0,0,Kitten,Domestic Short Hair,Black & White / Tuxedo,Medium,Female,"Friendly, Playful",,Yes,Vaccinations up to date.,Other cats.,,,Short,119,S.A.R.A. Inc.,14,No
Piper,2,0,Kitten,Domestic Short Hair,Black,Small,Female,"Gentle, Quiet",,Yes,Spayed / neutered.,Other cats.,,Children.,Short,155,Willow Rescue Foundation Inc.,14,No
WOLFY,2,0,Kitten,Domestic Long Hair,Black,Medium,Male,"Friendly, Affectionate, Gentle, Playful, Smart, Brave, Curious, Independent, Funny, Loves kisses",,Yes,"Vaccinations up to date, spayed / neutered.",Other cats.,,,Long,34,Friends of Homeless Animals,14,No
MAGNOLIA,2,0,Kitten,Domestic Short Hair,Tabby (Gray / Blue / Silver),Medium,Female,"Friendly, Gentle, Playful, Smart, Independent",,Yes,"Vaccinations up to date, spayed / neutered.",Other cats.,,,Short,44,Friends of Homeless Animals,14,No
SAMMY,2,0,Kitten,Domestic Short Hair,Tabby (Brown / Chocolate),Medium,Male,"Friendly, Affectionate, Gentle, Playful, Smart, Brave, Curious, Funny, Athletic, Loves kisses",,Yes,"Vaccinations up to date, spayed / neutered.",Other cats.,,,Short,33,Friends of Homeless Animals,14,No
Tara & Tilly,3,0,Young,American Shorthair,Tabby (Gray / Blue / Silver),Small,Female,"Friendly, Affectionate, Loyal, Playful, Independent, Quiet",,Yes,"Vaccinations up to date, spayed / neutered.",Other cats.,,,Short,61,Lend-a-Paw Inc.,14,No
Ben & Jerry,0,0,Kitten,Domestic Long Hair,Black,Medium,Male,,,Yes,"Vaccinations up to date, spayed / neutered.","Other cats, children.",,,Long,48,Lend-a-Paw Inc.,14,No
Pixie,0,0,Kitten,Domestic Short Hair,Tabby (Gray / Blue / Silver),Medium,Female,,,Yes,"Vaccinations up to date, spayed / neutered.",,,,62,CLAWS,14,No
Max,4,0,Kitten,Domestic Short Hair,Black,Medium,Male,"Affectionate, Playful, Friendly",,Yes,"Vaccinations up to date, spayed / neutered.",,,,101,CLAWS,14,No
Squid & Gracie,2,1,Young,Domestic Short Hair,Tortoiseshell,Medium,Female,"Affectionate, Playful, Smart, Funny",,Yes,"Vaccinations up to date, spayed / neutered.",,,,Short,214,CLAWS,14,No
"Freedom, Banner, Spangle and Patriot",4,0,Kitten,Domestic Short Hair,Black & White / Tuxedo,Medium,Female,"Friendly, Playful",,Yes,Vaccinations up to date.,Other cats.,,,Short,109,CLAWS,14,No
Bambi and Sori,6,0,Kitten,Domestic Short Hair,White,Medium,Male,"Affectionate, Gentle, Playful",,Yes,"Vaccinations up to date, spayed / neutered.",,,,Short,86,CLAWS,14,No
Sonny,2,0,Kitten,Domestic Short Hair,Black & White / Tuxedo,Medium,Male,,,Yes,Vaccinations up to date.,,$125.00,,Short,124,CLAWS,14,No
Ivy,2,0,Kitten,Domestic Short Hair,,Small,Female,,,Yes,"Vaccinations up to date, spayed / neutered.","Other cats, children.",,,32,Rescue Haven Foundation,14,No
Snow White,2,0,Kitten,Domestic Short Hair,Orange & White,Medium,Female,"Curious, Friendly, Playful",,Yes,Vaccinations up to date.,"Other cats, children.",,,Short,125,Angel Pets Animal Welfare Society Inc.,14,No
Piper,5,0,Kitten,Domestic Short Hair,Black,Medium,Female,"Gentle, Friendly, Affectionate, Loves kisses",,Yes,Vaccinations up to date.,Other cats.,,,Short,171,Angel Pets Animal Welfare Society Inc.,14,No
Cecelia,4,0,Kitten,Domestic Short Hair,Gray & White,Medium,Female,"Playful, Friendly, Affectionate",,Yes,Vaccinations up to date.,Other cats.,,,Short,184,Angel Pets Animal Welfare Society Inc.,14,No
Rapunzel,0,0,Kitten,Domestic Short Hair,Orange & White,Medium,Female,"Quiet, Gentle, Playful",,Yes,Vaccinations up to date.,"Other cats, children.",,,Short,128,Angel Pets Animal Welfare Society Inc.,14,No
Prince Charming,4,0,Kitten,Domestic Short Hair,Orange & White,Medium,Male,"Curious, Friendly, Playful",,Yes,Vaccinations up to date.,"Other cats, children.",,,Short,124,Angel Pets Animal Welfare Society Inc.,14,No
Elsa,5,0,Kitten,Domestic Short Hair,Orange / Red,Medium,Female,"Friendly, Affectionate, Playful, Curious",,Yes,Vaccinations up to date.,"Other cats, children.",,,Short,122,Angel Pets Animal Welfare Society Inc.,14,No
Aurora,5,0,Kitten,Domestic Medium Hair,Tortoiseshell,Medium,Female,"Friendly, Gentle, Playful",,Yes,Vaccinations up to date.,"Other cats, children.",,,Medium,128,Angel Pets Animal Welfare Society Inc.,14,No
Watts and Jagger,3,0,Kitten,American Shorthair,Black,Small,Male,,,Yes,,,,,93,Caring About The Strays (C.A.T.S.) Inc.,14,No
Max Bold,3,0,Young,Domestic Short Hair Mix,Black & White / Tuxedo,Medium,Male,,,Yes,,Other cats.,,,27,Mama Chris Animal Rescue Inc.,14,No
Abetty,2,0,Young,Domestic Short Hair,Black,Medium,Female,,,Yes,,Other cats.,,,24,Mama Chris Animal Rescue Inc.,14,No
Ghost,0,0,Senior,Domestic Short Hair,White,Medium,Male,,,Yes,"Vaccinations up to date, spayed / neutered.",,,,37,Humane Society of Westchester at New Rochelle,14,No
Courtesy LIsting,0,0,Adult,Domestic Short Hair,Dilute Tortoiseshell,Medium,Female,,,Yes,"Vaccinations up to date, spayed / neutered.",Other cats.,,,Short,79,Humane Society of Westchester at New Rochelle,14,No
Clarence,0,0,Kitten,Domestic Short Hair,,Small,Male,,,Yes,"Vaccinations up to date, spayed / neutered.","Other cats, dogs.",,,55,Humane Society of Westchester at New Rochelle,14,No
Howard,2,0,Kitten,Domestic Short Hair,Black,Small,Male,,,Yes,Vaccinations up to date.,"Other cats, dogs.",,,21,Humane Society of Westchester at New Rochelle,14,No
Shadow,0,0,Young,Domestic Short Hair,Black,Small,Male,,,Yes,"Vaccinations up to date, spayed / neutered.",,,,38,Humane Society of Westchester at New Rochelle,14,No
La Leche,0,0,Young,Domestic Short Hair,Tabby (Brown / Chocolate),Small,Female,,,Yes,"Vaccinations up to date, spayed / neutered.",,,,51,Humane Society of Westchester at New Rochelle,14,No
Mango,0,0,Young,Domestic Short Hair,Orange & White,Medium,Male,,,Yes,"Vaccinations up to date, spayed / neutered.",,,,59,Humane Society of Westchester at New Rochelle,14,No
Georgio,0,0,Young,Domestic Short Hair,Black & White / Tuxedo,Small,Male,,,Yes,"Vaccinations up to date, spayed / neutered.",,,,35,Humane Society of Westchester at New Rochelle,14,No
Miss Misstoffelees,6,0,Young,Domestic Short Hair,Black,Medium,Female,", Affectionate, Gentle, Playful, Friendly, Curious, Funny, Loves kisses",,Yes,"Vaccinations up to date, spayed / neutered.",Other cats.,$150.00,"Dogs, children.",Short,364,AdvoCat Rescue,14,No
Fries & Mash - Bonded Brothers,6,0,Kitten,Domestic Short Hair,Black & White / Tuxedo,Small,Male,"Friendly, Affectionate, Playful, Gentle, Curious, Independent, Funny, Loves kisses",,Yes,"Vaccinations up to date, spayed / neutered.",Other cats.,$125.00,Children.,Short,229,AdvoCat Rescue,14,No
Mash & Fries - Bonded Brothers,6,0,Kitten,Domestic Short Hair,Black & White / Tuxedo,Small,Male,"Playful, Gentle, Curious, Independent, Funny, Loves kisses",,Yes,"Vaccinations up to date, spayed / neutered.",Other cats.,$125.00,Children.,Short,229,AdvoCat Rescue,14,No
NJ - Latte,4,0,Kitten,Maine Coon & Domestic Long Hair Mix,Torbie,Medium,Female,"Affectionate, Playful, Independent, Curious, Funny, Quiet, Smart",,Yes,Vaccinations up to date.,Other cats.,,Children.,Long,169,East Coast Maine Coon Rescue,14,No
Cooper,6,0,Young,Domestic Short Hair,Gray & White,Large,Male,"Friendly, Affectionate, Playful, Smart, Funny, Independent",,Yes,"Vaccinations up to date, spayed / neutered.",Other cats.,,"Dogs, children.",170,Posh Pets Rescue,14,No
PA - Cinder,3,0,Kitten,Domestic Short Hair,Black,Small,Male,"Funny, Curious, Playful, Friendly",,Yes,"Vaccinations up to date, spayed / neutered.","Other cats, dogs.",,Children.,Short,146,East Coast Maine Coon Rescue,14,No
Lola,2,0,Adult,Torbie,Torbie,Medium,Female,"Friendly, Affectionate, Playful",,Yes,"Vaccinations up to date, spayed / neutered.",,,,Short,63,Cat Assistance Inc.,14,No
Timmy,2,0,Kitten,Tabby,Orange & White,Small,Male,"Friendly, Affectionate, Gentle, Playful, Loves kisses",,Yes,"Vaccinations up to date, spayed / neutered.",Other cats.,,,Medium,24,Pequannock Animal Shelter,14,No
James,0,0,Kitten,Domestic Short Hair,Orange & White,Large,Male,"Friendly, Affectionate, Playful",,Yes,Vaccinations up to date.,Other cats.,,,Short,44,S.A.R.A. Inc.,14,No
Jesse,0,0,Kitten,Domestic Short Hair,Orange & White,Large,Male,"Friendly, Affectionate, Playful",,Yes,Vaccinations up to date.,Other cats.,,,Short,44,S.A.R.A. Inc.,14,No
Frank,2,0,Kitten,Domestic Short Hair,Black & White / Tuxedo,Large,Male,"Friendly, Affectionate, Playful",,Yes,Vaccinations up to date.,Other cats.,,,Short,44,S.A.R.A. Inc.,14,No
Balboa,6,0,Senior,Domestic Short Hair,Black & White / Tuxedo,Large,Male,,,Yes,"Vaccinations up to date, spayed / neutered.",,,Other cats.,Short,132,S.A.R.A. Inc.,14,No
Rhysand,2,0,Kitten,Domestic Short Hair,Orange & White,Medium,Male,"Friendly, Playful, Independent, Funny, Athletic",,Yes,"Vaccinations up to date, spayed / neutered.","Other cats, children.",$200.00,,Short,120,Animal Rescue Force,14,No
Feyre,3,0,Kitten,Domestic Short Hair & Torbie Mix,Torbie,Medium,Female,"Friendly, Playful",,Yes,"Vaccinations up to date, spayed / neutered.","Other cats, children.",$200.00,,Short,96,Animal Rescue Force,14,No
Asriel,3,0,Kitten,Domestic Short Hair,Orange & White,Medium,Male,"Friendly, Playful",,Yes,"Vaccinations up to date, spayed / neutered.","Other cats, children.",$200.00,,Short,96,Animal Rescue Force,14,No
Espresso,0,0,Young,Domestic Short Hair,Black,Medium,Male,,,Yes,Vaccinations up to date.,"Other cats, children.",$200.00,,Short,82,Animal Rescue Force,14,No
Tessa,0,0,Young,Maine Coon,Tabby (Brown / Chocolate),Medium,Female,,,Yes,"Vaccinations up to date, spayed / neutered.",Other cats.,$120.00,,Long,94,Animal Rescue Force,14,No
Mo,0,0,Young,Domestic Short Hair,Tabby (Brown / Chocolate),Medium,Female,,,Yes,"Vaccinations up to date, spayed / neutered.",Other cats.,$200.00,,Short,97,Animal Rescue Force,14,No
Miney,0,0,Young,Domestic Short Hair,Tabby (Brown / Chocolate),Medium,Female,,,Yes,"Vaccinations up to date, spayed / neutered.",Other cats.,$200.00,,Short,97,Animal Rescue Force,14,No
Meenie,0,0,Young,Domestic Short Hair,Tabby (Brown / Chocolate),Medium,Female,,,Yes,"Vaccinations up to date, spayed / neutered.",Other cats.,$200.00,,Short,97,Animal Rescue Force,14,No
Eenie,0,0,Young,Domestic Short Hair,Tabby (Brown / Chocolate),Medium,Female,,,Yes,"Vaccinations up to date, spayed / neutered.",Other cats.,$200.00,,Short,97,Animal Rescue Force,14,No
Malibu,2,0,Kitten,Domestic Short Hair,Tabby (Gray / Blue / Silver),Medium,Male,,,Yes,Vaccinations up to date.,"Other cats, dogs, children.",$200.00,,Short,86,Animal Rescue Force,14,No
Noodles,0,0,Adult,Domestic Short Hair & Calico Mix,Calico,Medium,Female,"Friendly, Affectionate, Playful",,Yes,"Vaccinations up to date, spayed / neutered.","Other cats, children.",$120.00,,Short,98,Animal Rescue Force,14,No
Sage & Sinatra,0,0,Kitten,Domestic Short Hair,Black & White / Tuxedo,Small,Female,,,Yes,Vaccinations up to date.,,,,Short,47,"All About Cats Rescue, Inc",14,No
Mercedes,0,0,Kitten,Domestic Short Hair,Black & White / Tuxedo,Small,Female,,,Yes,Vaccinations up to date.,,,,32,"All About Cats Rescue, Inc",14,No
Bowen,0,0,Kitten,Domestic Short Hair,Smoke,Small,Male,,,Yes,Vaccinations up to date.,,,,Short,32,"All About Cats Rescue, Inc",14,No
Beauty,2,0,Adult,Domestic Short Hair,Black,Medium,Female,,,Yes,"Vaccinations up to date, spayed / neutered.",,,,32,"All About Cats Rescue, Inc",14,No
Bacall,0,0,Kitten,Domestic Short Hair,Black,Small,Male,,,Yes,Vaccinations up to date.,,,,Short,32,"All About Cats Rescue, Inc",14,No
Rosie,0,0,Kitten,Domestic Medium Hair,Black & White / Tuxedo,Small,Female,,,Yes,Vaccinations up to date.,,,,Medium,32,"All About Cats Rescue, Inc",14,No
Rocky,0,0,Kitten,Domestic Medium Hair,Tabby (Buff / Tan / Fawn),Small,Male,,,Yes,Vaccinations up to date.,,,,Medium,32,"All About Cats Rescue, Inc",14,No
Bacall,0,0,Kitten,Domestic Short Hair,Black,Small,Male,,,Yes,Vaccinations up to date.,,,,Short,32,"All About Cats Rescue, Inc",14,No
Rosie,0,0,Kitten,Domestic Medium Hair,Black & White / Tuxedo,Small,Female,,,Yes,Vaccinations up to date.,,,,Medium,32,"All About Cats Rescue, Inc",14,No
Rocky,0,0,Kitten,Domestic Medium Hair,Tabby (Buff / Tan / Fawn),Small,Male,,,Yes,Vaccinations up to date.,,,,Medium,32,"All About Cats Rescue, Inc",14,No
Reese,0,0,Kitten,Domestic Medium Hair,Black,Small,Female,,,Yes,Vaccinations up to date.,,,,32,"All About Cats Rescue, Inc",14,No
Regan,0,0,Kitten,Domestic Medium Hair,Tabby (Buff / Tan / Fawn),Small,Female,,,Yes,Vaccinations up to date.,,,,32,"All About Cats Rescue, Inc",14,No
Roxanne,2,0,Kitten,Domestic Medium Hair,Dilute Calico,Small,Female,,,Yes,Vaccinations up to date.,,,,Medium,32,"All About Cats Rescue, Inc",14,No
Brent,6,0,Kitten,Domestic Short Hair Mix,Black,Small,Male,,,Yes,"Vaccinations up to date, spayed / neutered, special needs. Had 1 eye surgically removed on 09/03/2021.",,,,114,Pets4Luv Foundation,14,No
Lance,0,0,Adult,Domestic Short Hair Mix,Orange & White,Medium,Male,,,Yes,"Vaccinations up to date, spayed / neutered.",Other cats.,,,131,Pets4Luv Foundation,14,No
Gizmo,3,0,Kitten,Domestic Short Hair,Gray & White,Medium,Male,,,Yes,Vaccinations up to date.,,,,Short,86,Bobbi & the Strays,14,No
STRIPER - A Bit of a Scaredy Cat!,0,0,Kitten,Tabby & Domestic Short Hair Mix,Tabby (Brown / Chocolate),Small,Male,"Friendly, Gentle, Loyal, Smart, Curious, Independent, Quiet, Dignified",,Yes,"Vaccinations up to date, spayed / neutered.",Other cats.,$100.00,,Short,200,Edison Municipal Animal Shelter,14,No
SPOT - Lovely Kitty,0,0,Kitten,Domestic Short Hair,Tabby (Tiger Striped),Small,Male,"Friendly, Curious, Independent, Gentle, Quiet, Dignified, Couch potato",,Yes,"Vaccinations up to date, spayed / neutered.",Other cats.,$100.00,,Short,194,Edison Municipal Animal Shelter,14,No
CHEESE IT - Very Playful!,0,0,Kitten,Domestic Short Hair & Tuxedo Mix,Black & White / Tuxedo,Small,Male,"Friendly, Affectionate, Loyal, Gentle, Playful, Smart, Brave, Curious, Independent, Athletic, Loves kisses",,Yes,"Vaccinations up to date, spayed / neutered.","Other cats, dogs, children.",$99.98,,Short,198,Edison Municipal Animal Shelter,14,No
RUFFLES - Very Outgoing Girl!,0,0,Young,Domestic Short Hair,Black,Medium,Female,,,Yes,"Vaccinations up to date, spayed / neutered.","Other cats, children.",$100.00,,Short,223,Edison Municipal Animal Shelter,14,No
NELSON - Sweet Boy,4,0,Young,Tuxedo & Domestic Short Hair Mix,Black & White / Tuxedo,Medium,Male,"Friendly, Affectionate, Loyal, Gentle, Playful, Smart, Curious, Funny, Athletic, Loves kisses",,Yes,"Vaccinations up to date, spayed / neutered.","Other cats, children.",$100.00,,Short,241,Edison Municipal Animal Shelter,14,No
SCRABBLE - Sweetie,0,0,Kitten,Domestic Short Hair & Tabby Mix,Tabby (Brown / Chocolate),Small,Female,"Friendly, Gentle, Affectionate, Quiet, Funny, Independent, Curious",,Yes,"Vaccinations up to date, spayed / neutered.",Other cats.,$99.98,,Short,350,Edison Municipal Animal Shelter,14,No
BLACK JACK - Adorable Girl!,3,0,Kitten,Domestic Short Hair,Black & White / Tuxedo,Small,Female,"Friendly, Gentle, Playful, Smart, Curious, Independent, Funny, Dignified",,Yes,"Vaccinations up to date, spayed / neutered.",Other cats.,$100.00,,Short,353,Edison Municipal Animal Shelter,14,No
Double Bubble - Sweet and Shy Boy,2,0,Kitten,Domestic Short Hair,Black & White / Tuxedo,Medium,Male,"Friendly, Gentle, Playful, Smart, Curious, Independent, Funny, Athletic",,Yes,"Spayed / neutered, special needs.",Other cats.,,,Short,355,Edison Municipal Animal Shelter,14,No
JESSUP - Very Loving Boy,2,0,Kitten,Domestic Short Hair,Black & White / Tuxedo,Small,Male,"Friendly, Affectionate, Gentle, Loyal, Playful, Smart, Curious, Loves kisses, Funny",,Yes,"Vaccinations up to date, spayed / neutered.","Other cats, dogs, children.",$99.97,,Short,355,Edison Municipal Animal Shelter,14,No
PIPER - Shy and Sweet!,0,0,Adult,Domestic Short Hair,Black,Medium,Female,"Friendly, Gentle, Independent, Quiet, Dignified, Couch potato",,Yes,"Vaccinations up to date, spayed / neutered.",,,,Short,235,Edison Municipal Animal Shelter,14,No
PARSNIP - Quiet Boy!,0,0,Adult,Tabby & Domestic Short Hair Mix,Tabby (Gray / Blue / Silver),Large,Male,"Gentle, Independent, Quiet, Dignified, Couch potato",,Yes,"Vaccinations up to date, spayed / neutered.",Other cats.,,"Dogs, children.",Short,204,Edison Municipal Animal Shelter,14,No
Andy,0,0,Kitten,Domestic Short Hair,Tabby (Brown / Chocolate),Medium,Male,"Friendly, Affectionate, Loyal, Playful, Gentle",,Yes,Vaccinations up to date.,,,,Short,80,Kat Connection,14,No
Ashley,0,0,Kitten,Russian Blue Mix,Gray / Blue / Silver,Medium,Female,"Friendly, Affectionate, Loyal, Playful, Gentle",,Yes,Vaccinations up to date.,,,,Short,75,Kat Connection,14,No
Dillon,0,0,Kitten,Domestic Short Hair,Orange & White,Medium,Male,"Friendly, Affectionate, Loyal, Playful, Gentle",,Yes,Vaccinations up to date.,,,,Short,78,Kat Connection,14,No
Jasper,0,0,Kitten,Domestic Short Hair,Tabby (Brown / Chocolate),Medium,Male,"Friendly, Affectionate, Loyal, Playful, Gentle",,Yes,Vaccinations up to date.,,,,Short,76,Kat Connection,14,No
Noah,0,0,Kitten,Domestic Short Hair,Tabby (Brown / Chocolate),Medium,Male,"Friendly, Affectionate, Loyal, Playful, Gentle",,Yes,Vaccinations up to date.,,,,Short,76,Kat Connection,14,No
